,phrase,label,sentiment,subjectivity,language,count
China,,,,,,
the United States,,,,,,
Taiwan,,,,,,
Japan,,,,,,
Hong Kong,,,,,,
U.S.,,,,,,
Shanghai,,,,,,
Beijing,,,,,,
Europe,,,,,,
Asia,,,,,,
Australia,,,,,,
North America,,,,,,
Southern California,,,,,,
Russia,,,,,,
Texas,,,,,,
US,,,,,,
Brazil,,,,,,
Silicon Valley,,,,,,
Los Angeles,,,,,,
Chengdu,,,,,,
the Taiwan Strait,,,,,,
San Francisco,,,,,,
Zhejiang,,,,,,
Orchid Island,,,,,,
Arctic,,,,,,
Harbin,,,,,,
Art District,,,,,,
South Korea,,,,,,
India,,,,,,
Hong Kong's,,,,,,
Tai Po,,,,,,
UK,,,,,,
USA,,,,,,
Beike,,,,,,
Germany,,,,,,
South Korea's,,,,,,
Coupang,,,,,,
Taipei,,,,,,
Cybertruck,,,,,,
France,,,,,,
America,,,,,,
Hangzhou,,,,,,
Shenzhen,,,,,,
Singapore,,,,,,
Saudi Arabia,,,,,,
Taobao,,,,,,
Xinjiang,,,,,,
OpenAI,,,,,,
Mainland,,,,,,
Hsinchu City,,,,,,
Ctrip,,,,,,
Mount Everest,,,,,,
the WISE2025 King of Business Conference,,,,,,
Nepal,,,,,,
the Middle East,,,,,,
Baichuan,,,,,,
AI,,,,,,
Guangzhou,,,,,,
Dabajianshan,,,,,,
Paris,,,,,,
Ukraine,,,,,,
Alibaba,,,,,,
The United States,,,,,,
Canada,,,,,,
Chiayi City,,,,,,
Taikoo Li,,,,,,
Taiwan Beach,,,,,,
Xiaomi,,,,,,
Meishan,,,,,,
Michigan,,,,,,
Hubei,,,,,,
Bitcoin,,,,,,
Miaoli City's,,,,,,
Arizona,,,,,,
Lianjia,,,,,,
Taichung,,,,,,
Shenzhen City,,,,,,
Dubai,,,,,,
Venezuela,,,,,,
the East Third Ring Road,,,,,,
Dharma,,,,,,
Hainan,,,,,,
Jianan,,,,,,
Laizhou,,,,,,
stablecoin,,,,,,
Nanshan District,,,,,,
Laiteng,,,,,,
Northern Europe,,,,,,
East,,,,,,
the West District,,,,,,
the Chiayi City Chiayi Charity Group,,,,,,
East Asia,,,,,,
Hsinchu,,,,,,
Kulingjiao Village,,,,,,
Hong,,,,,,
Shichao,,,,,,
Luyinggao,,,,,,
Kaohsiung,,,,,,
Chiayi City's,,,,,,
Zhuzhou,,,,,,
Miaoli,,,,,,
Fukuoka,,,,,,
Yakutsk,,,,,,
Siberia,,,,,,
Hualien Republic,,,,,,
Hualien City,,,,,,
Yuanhe Hope,,,,,,
Austin,,,,,,
Dawu Coastal Park,,,,,,
Miaoli County,,,,,,
Liuyang,,,,,,
Greenland Howed Island,,,,,,
Ordos City,,,,,,
Inner Mongolia Autonomous Region,,,,,,
Waymo,,,,,,
Geely,,,,,,
Hsinchu County,,,,,,
the Hsinchu City,,,,,,
Yongzhufang,,,,,,
Qinghai Lake,,,,,,
Wo'an,,,,,,
the Southern Hemisphere,,,,,,
São Paulo's,,,,,,
Malaysia,,,,,,
Weiqiao,,,,,,
Perm,,,,,,
Xuhui District,,,,,,
Notland,,,,,,
Las Vegas,,,,,,
Landes,,,,,,
the Sun Island Scenic Area,,,,,,
42nd Antarctic,,,,,,
Oka Smart Ship,,,,,,
Jialulan Recreation Area,,,,,,
Sanya,,,,,,
Changchun,,,,,,
Leapmotor,,,,,,
Longkeng,,,,,,
New Taipei City's,,,,,,
Keelung Island,,,,,,
Yilan County,,,,,,
Guishan Island,,,,,,
Taitung County,,,,,,
Dushu Town,,,,,,
Green Island,,,,,,
Jiangsu,,,,,,
Kuaishou,,,,,,
Ningbo,,,,,,
earth,,,,,,
Nanyang City,,,,,,
Henan Province,,,,,,
Yanshanpu Community,,,,,,
Kirkland,,,,,,
New York,,,,,,
Tainan,,,,,,
Hualien,,,,,,
Bortala Mongolian Autonomous Prefecture,,,,,,
Zhongtong,,,,,,
Jinghe,,,,,,
Mobile,,,,,,
AReaL,,,,,,
Tsinghua,,,,,,
CALIFORNIA,,,,,,
Cupertino,,,,,,
Hung Hom Harbour,,,,,,
Hualien County's,,,,,,
Luckin,,,,,,
Hokkaido,,,,,,
Tokyo,,,,,,
Rapidus,,,,,,
Chitose City,,,,,,
the red planet,,,,,,
Eurofarma,,,,,,
Bryan,,,,,,
Taoyuan City,,,,,,
the Republic of China,,,,,,
Jinghe County,,,,,,
Claude,,,,,,
Rockies,,,,,,
Jihai,,,,,,
Costa,,,,,,
Guangzhou</li,,,,,,
Dali,,,,,,
Yunnan,,,,,,
the Cangshan Mountains,,,,,,
the Erhai Lake,,,,,,
Jiuquan City,,,,,,
Gansu Province,,,,,,
the Western Regions,,,,,,
Tongxiang,,,,,,
the northwest United States,,,,,,
Futian District,,,,,,
Korea,,,,,,
the Hong Kong Island West Geographical Constituency Forum,,,,,,
Hong Kong Park,,,,,,
the Central Promenade,,,,,,
Osaka,,,,,,
Oceania,,,,,,
LPL,,,,,,
magnetorheological,,,,,,
Detroit,,,,,,
Northeast,,,,,,
Hunyuan,,,,,,
Lane Crawford,,,,,,
Bing,,,,,,
Chaoyang District,,,,,,
CBD,,,,,,
the United Kingdom,,,,,,
Poland,,,,,,
Xiaojushu,,,,,,
Bilibili,,,,,,
Aomori Prefecture,,,,,,
Midwest,,,,,,
Zhijie,,,,,,
Amsterdam,,,,,,
Xiangjie,,,,,,
Zunjie,,,,,,
Saudi Arabia’s,,,,,,
Toronto,,,,,,
Nubia,,,,,,
Nachuan Capital,,,,,,
Suzhou,,,,,,
the Southern District,,,,,,
California,,,,,,
London,,,,,,
Thermage,,,,,,
Mars,,,,,,
Jiika,,,,,,
Xu Jinjiang,,,,,,
Changhua,,,,,,
the Tianzhong area,,,,,,
Tianzhong Marathon,,,,,,
Babao Town,,,,,,
Sichuan,,,,,,
Qingshen County,,,,,,
Maine,,,,,,
Chicago,,,,,,
Nagano,,,,,,
Penghu,,,,,,
Chiayi City City Expo,,,,,,
Tustin,,,,,,
DC,,,,,,
Gotham City's,,,,,,
Ren'ai Township,,,,,,
Nantou,,,,,,
Nantou County,,,,,,
Yushan,,,,,,
Hollywood,,,,,,
Netherlands,,,,,,
